{"min": [-0.482619, -0.794734, -0.519636], "max": [0.429141, 0.703158, 0.588859]}